"SA2Code","SA2Name","Score","Team_Member","number_of_employees","Pop","percent_unemployed","number_worked_from_home","pt_to_work","dwellings_with_no_cars","Total_dwelings","percentage_houses_no_cars","dwellings_with_no_cars","Total_dwelings","percentage_houses_no_cars"
305011105,"Brisbane City",1083,"Steff",5397,10192,47.0467032967033,254,724,1280,4044,31.6518298714144,1280,4044,31.6518298714144
305011111,"Spring Hill",1028,"Dave",3411,6063,43.7407224146462,127,478,707,2197,32.1802457897132,707,2197,32.1802457897132
305011106,"Fortitude Valley",1064,"Kate",4539,7146,36.4819479429051,139,900,973,3251,29.9292525376807,973,3251,29.9292525376807
305031128,"Newstead - Bowen Hills",1132,"Steff",6877,10638,35.3543899229178,333,1421,735,4802,15.3061224489796,735,4802,15.3061224489796
304041098,"Enoggera",1053,"Kate",4684,8158,42.5839666584947,152,698,341,3021,11.2876530950017,341,3021,11.2876530950017
305041135,"Paddington - Milton",1137,"Steff",6522,10788,39.5439377085651,369,1065,396,4159,9.52151959605674,396,4159,9.52151959605674
305031130,"Windsor",1091,"Steff",4247,7190,40.9318497913769,169,922,330,2913,11.3285272914521,330,2913,11.3285272914521
305031129,"Wilston",1132,"Steff",2169,3934,44.8652770716828,136,373,69,1364,5.05865102639296,69,1364,5.05865102639296
305031123,"Grange",1136,"Steff",2288,4248,46.1393596986817,127,292,50,1446,3.45781466113416,50,1446,3.45781466113416
302031040,"Nundah",1041,"Kate",7298,12230,40.3270645952576,190,1698,681,5439,12.5206839492554,681,5439,12.5206839492554
305031126,"Kelvin Grove - Herston",1067,"Kate",4553,10081,54.8358297787918,165,882,715,3629,19.7023973546432,715,3629,19.7023973546432
302041041,"Bracken Ridge",1014,"Dave",8394,16936,50.4369390647142,303,766,152,5812,2.61527873365451,152,5812,2.61527873365451
305031131,"Wooloowin - Lutwyche",1080,"Kate",5496,9745,43.6018471010775,247,1194,401,3764,10.653560042508,401,3764,10.653560042508
303021057,"Holland Park West",1086,"Steff",3397,6338,46.4026506784475,164,527,149,2351,6.33772862611655,149,2351,6.33772862611655
303031063,"Mount Gravatt",1038,"Dave",7509,14944,49.752408993576,278,930,441,5495,8.02547770700637,441,5495,8.02547770700637
305021114,"Bulimba",1145,"Steff",3637,6704,45.7488066825776,285,649,107,2428,4.40691927512356,107,2428,4.40691927512356
303021058,"Woolloongabba",1051,"Kate",2939,5529,46.8439139084825,114,683,409,2063,19.8254968492487,409,2063,19.8254968492487
314011382,"Albany Creek",1075,"Kate",8231,15800,47.9050632911392,373,447,171,5396,3.16901408450704,171,5396,3.16901408450704
314031394,"Strathpine - Brendale",938,"Eric",5649,12270,53.960880195599,182,534,319,4473,7.13167896266488,319,4473,7.13167896266488
305011109,"New Farm",1099,"Steff",7130,12791,44.2576811820811,380,1376,945,5444,17.3585598824394,945,5444,17.3585598824394
303051076,"Rocklea - Acacia Ridge",891,"Eric",3784,9561,60.4225499424746,91,321,258,3274,7.88026878436164,258,3274,7.88026878436164
303011048,"Cannon Hill",1071,"Kate",3037,5720,46.9055944055944,132,428,152,2078,7.31472569778633,152,2078,7.31472569778633
314011386,"The Hills District",1073,"Kate",12281,23369,47.4474731481878,674,1094,170,8028,2.1175884404584,170,8028,2.1175884404584
304021086,"Bellbowrie - Moggill",1106,"Steff",5105,10103,49.4704543204989,300,394,51,3255,1.5668202764977,51,3255,1.5668202764977
304011084,"Seventeen Mile Rocks - Sinnamon Park",1109,"Steff",4846,9556,49.2884051904563,262,425,58,3097,1.87278010978366,58,3097,1.87278010978366
304021087,"Brookfield - Kenmore Hills",1146,"Steff",3154,6748,53.2602252519265,337,172,69,2099,3.28727965697951,69,2099,3.28727965697951
305021116,"Hawthorne",1146,"Steff",2821,4971,43.2508549587608,205,446,89,1787,4.98041410184667,89,1787,4.98041410184667
303011051,"Carindale",1105,"Steff",8028,15710,48.8987905792489,482,818,215,5248,4.0967987804878,215,5248,4.0967987804878
301031021,"Wynnum West - Hemmant",984,"Charlie",7120,14790,51.8593644354293,284,589,247,5364,4.60477255779269,247,5364,4.60477255779269
305041136,"Red Hill (Qld)",1116,"Steff",3293,5744,42.6706128133705,156,475,182,2135,8.52459016393443,182,2135,8.52459016393443
302041045,"Taigum - Fitzgibbon",1000,"Charlie",5955,12153,50.999753147371,169,847,351,4742,7.40194010965837,351,4742,7.40194010965837
314011385,"Eatons Hill",1114,"Steff",4323,7973,45.7795058321836,235,165,13,2396,0.542570951585977,13,2396,0.542570951585977
305031125,"Hendra",1125,"Steff",2490,4659,46.5550547327753,165,217,60,1635,3.6697247706422,60,1635,3.6697247706422
302021032,"Stafford",1013,"Dave",3455,6508,46.9114935464044,134,451,312,2729,11.4327592524734,312,2729,11.4327592524734
310011273,"Forest Lake - Doolandella",1013,"Dave",13486,27709,51.329892814609,492,1070,254,8948,2.83862315601252,254,8948,2.83862315601252
305031121,"Ascot",1109,"Steff",2814,5145,45.3061224489796,191,370,193,2098,9.19923736892278,193,2098,9.19923736892278
302041046,"Zillmere",938,"Eric",4181,8967,53.3734805397569,116,609,431,3602,11.9655746807329,431,3602,11.9655746807329
302021028,"Chermside",975,"Charlie",4318,9313,53.6347041769569,107,696,684,4082,16.7564919157276,684,4082,16.7564919157276
305031122,"Clayfield",1087,"Steff",5815,10473,44.4762723192972,306,1104,393,4283,9.17581134718655,393,4283,9.17581134718655
305011110,"South Brisbane",1082,"Steff",3796,7235,47.5328265376641,156,747,554,2723,20.3452074917371,554,2723,20.3452074917371
305011112,"West End",1084,"Steff",5256,9620,45.3638253638254,251,1142,623,3786,16.4553618594823,623,3786,16.4553618594823
304021090,"Kenmore",1119,"Steff",4290,8765,51.0553337136338,321,389,100,3061,3.26690623979092,100,3061,3.26690623979092
305011107,"Highgate Hill",1058,"Kate",3377,6329,46.6424395639122,192,534,366,2375,15.4105263157895,366,2375,15.4105263157895
305021115,"East Brisbane",1084,"Steff",3342,5786,42.2398893881784,138,658,288,2274,12.664907651715,288,2274,12.664907651715
303021054,"Fairfield - Dutton Park",1064,"Kate",2503,4790,47.7453027139875,110,478,249,1775,14.0281690140845,249,1775,14.0281690140845
304021088,"Chapel Hill",1140,"Steff",5019,10311,51.3238289205703,414,461,67,3409,1.96538574361983,67,3409,1.96538574361983
304031097,"Taringa",1100,"Steff",4587,8451,45.7223997160099,205,972,475,3641,13.0458665201868,475,3641,13.0458665201868
304031096,"St Lucia",1096,"Steff",4583,12574,63.5517735008748,244,827,740,3616,20.4646017699115,740,3616,20.4646017699115
301031015,"Manly - Lota",1050,"Kate",3598,7426,51.5486129814166,204,390,194,2809,6.9063723745105,194,2809,6.9063723745105
301031020,"Wynnum",1019,"Dave",6400,13233,51.6360613617471,342,714,464,5022,9.23934687375548,464,5022,9.23934687375548
301031019,"Wakerley",1136,"Steff",4677,8997,48.0160053351117,293,274,13,2752,0.472383720930233,13,2752,0.472383720930233
301031016,"Manly West",1037,"Dave",5577,11425,51.1859956236324,248,387,193,4013,4.80936954896586,193,4013,4.80936954896586
303031064,"Rochedale - Burbank",1125,"Steff",3141,6323,50.3242131899415,231,263,22,1896,1.16033755274262,22,1896,1.16033755274262
305041134,"Bardon",1148,"Steff",5065,9716,47.8694936187732,418,598,141,3241,4.35050910212897,141,3241,4.35050910212897
305041137,"Toowong",1112,"Steff",5789,10800,46.3981481481482,303,1153,580,4255,13.6310223266745,580,4255,13.6310223266745
305041132,"Ashgrove",1135,"Steff",7066,13315,46.9320315433721,434,905,260,4487,5.79451749498551,260,4487,5.79451749498551
304021089,"Fig Tree Pocket",1170,"Steff",1921,4045,52.5092707045736,172,113,15,1238,1.21163166397415,15,1238,1.21163166397415
304031094,"Indooroopilly",1097,"Steff",5924,12134,51.1785066754574,360,1150,512,4458,11.4849708389412,512,4458,11.4849708389412
304031092,"Chelmer - Graceville",1145,"Steff",3716,7411,49.858318715423,267,603,81,2441,3.31831216714461,81,2441,3.31831216714461
301031017,"Murarrie",1066,"Kate",2224,4118,45.9932005828072,96,264,49,1379,3.55329949238579,49,1379,3.55329949238579
304031095,"Sherwood",1098,"Steff",2951,5642,47.6958525345622,157,555,152,2163,7.02727693018955,152,2163,7.02727693018955
310011274,"Inala - Richlands",798,"Eric",5333,18010,70.388672959467,115,390,762,5572,13.6755204594401,762,5572,13.6755204594401
303041070,"Salisbury - Nathan",1033,"Dave",3486,7183,51.4687456494501,128,466,158,2406,6.56691604322527,158,2406,6.56691604322527
305041133,"Auchenflower",1127,"Steff",3176,5499,42.2440443717039,172,633,234,2138,10.9448082319925,234,2138,10.9448082319925
305031127,"Newmarket",1082,"Steff",2833,4979,43.1010243020687,127,552,206,1911,10.7796964939822,206,1911,10.7796964939822
304031093,"Corinda",1082,"Steff",2358,4863,51.5114127082048,125,403,123,1711,7.18877849210988,123,1711,7.18877849210988
304041101,"Mitchelton",1068,"Kate",4217,8362,49.5694809854102,176,659,256,3021,8.47401522674611,256,3021,8.47401522674611
303031060,"Eight Mile Plains",1054,"Kate",7205,15159,52.470479583086,328,1015,206,4926,4.18189200162404,206,4926,4.18189200162404
302011025,"Everton Park",1047,"Kate",4717,8798,46.3855421686747,180,482,212,3533,6.00056609114067,212,3533,6.00056609114067
304041100,"Keperra",990,"Charlie",3002,7084,57.6228119706381,101,417,291,2735,10.6398537477148,291,2735,10.6398537477148
302021033,"Stafford Heights",1031,"Dave",3248,6856,52.6254375729288,125,307,147,2566,5.72876071706937,147,2566,5.72876071706937
302031035,"Boondall",1009,"Charlie",4517,9217,50.9927308234784,128,515,180,3290,5.47112462006079,180,3290,5.47112462006079
302011026,"McDowall",1096,"Steff",4000,7541,46.956637050789,212,299,37,2555,1.44814090019569,37,2555,1.44814090019569
303021056,"Holland Park",1057,"Kate",4132,8305,50.2468392534618,209,570,255,2929,8.70604301809491,255,2929,8.70604301809491
303041071,"Tarragindi",1110,"Steff",5401,10670,49.3814432989691,295,696,116,3524,3.29171396140749,116,3524,3.29171396140749
303041068,"Moorooka",1039,"Dave",5460,10422,47.6108232584916,215,773,395,4090,9.65770171149144,395,4090,9.65770171149144
303021055,"Greenslopes",1069,"Kate",5381,9121,41.0042758469466,180,1098,429,3781,11.3462047077493,429,3781,11.3462047077493
303021053,"Coorparoo",1096,"Steff",9200,16040,42.643391521197,412,1724,613,6455,9.49651432997676,613,6455,9.49651432997676
310011271,"Darra - Sumner",959,"Charlie",2150,4932,56.4071370640714,71,274,94,1568,5.99489795918367,94,1568,5.99489795918367
303011047,"Camp Hill",1122,"Steff",5977,11177,46.5241120157466,313,797,200,3847,5.19885625162464,200,3847,5.19885625162464
302011022,"Bald Hills",1013,"Dave",3639,7275,49.979381443299,102,387,64,2476,2.58481421647819,64,2476,2.58481421647819
305021117,"Morningside - Seven Hills",1088,"Steff",7418,12612,41.1830003171583,339,1225,318,4881,6.51505838967425,318,4881,6.51505838967425
303011050,"Carina Heights",1030,"Dave",3565,6544,45.5226161369193,154,580,224,2590,8.64864864864865,224,2590,8.64864864864865
303011049,"Carina",1057,"Kate",5737,11025,47.9637188208617,226,724,285,4163,6.84602450156137,285,4163,6.84602450156137
305021118,"Norman Park",1136,"Steff",3629,6298,42.378532867577,224,491,79,2249,3.51267229879947,79,2249,3.51267229879947
303031062,"Mansfield (Qld)",1038,"Dave",4018,8722,53.9325842696629,173,459,144,2853,5.04731861198738,144,2853,5.04731861198738
305021113,"Balmoral",1119,"Steff",2339,4228,44.678334910123,162,281,95,1536,6.18489583333333,95,1536,6.18489583333333
305031124,"Hamilton (Qld)",1109,"Steff",3593,6290,42.8775834658188,237,453,240,2655,9.03954802259887,240,2655,9.03954802259887
301011002,"Belmont - Gumdale",1093,"Steff",3835,7375,48,286,211,41,2299,1.7833840800348,41,2299,1.7833840800348
302031037,"Eagle Farm - Pinkenba",1063,"Kate",487,822,40.7542579075426,14,44,21,366,5.73770491803279,21,366,5.73770491803279
303021052,"Annerley",1056,"Kate",6393,11385,43.8471673254282,246,1196,575,4498,12.7834593152512,575,4498,12.7834593152512
305011108,"Kangaroo Point",1085,"Steff",4921,8214,40.0900900900901,244,1005,477,3592,13.2795100222717,477,3592,13.2795100222717
303031066,"Wishart",1060,"Kate",5097,10815,52.871012482663,230,559,146,3584,4.07366071428571,146,3584,4.07366071428571
303031065,"Upper Mount Gravatt",1016,"Dave",4127,9396,56.0770540655598,132,584,428,3327,12.8644424406372,428,3327,12.8644424406372
302041043,"Deagon",970,"Charlie",1714,3675,53.3605442176871,67,277,188,1484,12.6684636118598,188,1484,12.6684636118598
302041044,"Sandgate - Shorncliffe",1039,"Dave",3026,6783,55.3884711779449,190,419,287,2480,11.5725806451613,287,2480,11.5725806451613
302041042,"Brighton (Qld)",1024,"Dave",4657,9479,50.8703449730984,195,418,227,3576,6.34787472035794,227,3576,6.34787472035794
302031038,"Northgate - Virginia",1049,"Kate",3645,6586,44.6553294867902,127,666,222,2505,8.8622754491018,222,2505,8.8622754491018
302011024,"Carseldine",1058,"Kate",4303,9037,52.3846409206595,183,538,184,3257,5.64937058642923,184,3257,5.64937058642923
302021027,"Aspley",1047,"Kate",5876,12318,52.2974508848839,293,551,450,4801,9.37304728181629,450,4801,9.37304728181629
303061079,"Sunnybank",997,"Charlie",3754,8856,57.6106594399277,153,563,234,2803,8.34819835890118,234,2803,8.34819835890118
302021030,"Geebung",1041,"Kate",2156,4324,50.1387604070305,85,268,90,1567,5.74345883854499,90,1567,5.74345883854499
302021034,"Wavell Heights",1089,"Steff",5162,9786,47.2511751481709,263,539,187,3557,5.25723924655609,187,3557,5.25723924655609
302031036,"Brisbane Airport",1134,"Steff",53,196,72.9591836734694,6,4,0,37,0,0,37,0
302031039,"Nudgee - Banyo",1038,"Dave",4870,9620,49.3762993762994,166,664,167,3335,5.00749625187406,167,3335,5.00749625187406
305031119,"Albion",1094,"Steff",1669,2791,40.2006449301326,80,378,119,1173,10.1449275362319,119,1173,10.1449275362319
303061078,"Runcorn",1007,"Charlie",6786,14479,53.1321223841426,249,964,186,4559,4.07984207062952,186,4559,4.07984207062952
303021059,"Yeronga",1090,"Steff",4909,9490,48.2718651211802,263,765,314,3654,8.59332238642583,314,3654,8.59332238642583
304041103,"The Gap",1114,"Steff",8114,16477,50.755598713358,584,928,155,5539,2.7983390503701,155,5539,2.7983390503701
302021029,"Chermside West",1054,"Kate",3085,6252,50.6557901471529,130,329,106,2268,4.67372134038801,106,2268,4.67372134038801
302021031,"Kedron - Gordon Park",1075,"Kate",7714,13712,43.742707117853,315,1080,438,5342,8.19917633845002,438,5342,8.19917633845002
302011023,"Bridgeman Downs",1126,"Steff",4142,8142,49.1279783836895,276,262,51,2623,1.94433854365231,51,2623,1.94433854365231
304011082,"Middle Park - Jamboree Heights",1065,"Kate",3603,7062,48.9804587935429,177,331,65,2442,2.66175266175266,65,2442,2.66175266175266
310011276,"Wacol",793,"Eric",836,5816,85.6258596973865,26,57,70,862,8.12064965197216,70,862,8.12064965197216
305031120,"Alderley",1106,"Steff",3488,5999,41.8569761626938,153,643,181,2326,7.78159931212382,181,2326,7.78159931212382
303051073,"Calamvale - Stretton",1056,"Kate",10085,21249,52.5389430090828,422,1078,147,6510,2.25806451612903,147,6510,2.25806451612903
303051072,"Algester",1003,"Charlie",4068,8433,51.760939167556,145,395,111,2841,3.90707497360084,111,2841,3.90707497360084
304021091,"Pinjarra Hills - Pullenvale",1161,"Steff",2642,5398,51.0559466469063,289,121,35,1648,2.12378640776699,35,1648,2.12378640776699
303041067,"Coopers Plains",978,"Charlie",2458,5487,55.2032075815564,62,399,177,1848,9.57792207792208,177,1848,9.57792207792208
303041069,"Robertson",1038,"Dave",2116,5101,58.5179376592825,105,326,84,1587,5.2930056710775,84,1587,5.2930056710775
303051074,"Pallara - Willawong",1061,"Kate",2452,4702,47.8519778817524,129,143,17,1390,1.22302158273381,17,1390,1.22302158273381
304011081,"Jindalee - Mount Ommaney",1095,"Steff",3762,7514,49.9334575459143,235,293,92,2568,3.58255451713396,92,2568,3.58255451713396
304011085,"Westlake",1123,"Steff",2314,4352,46.8290441176471,143,154,13,1426,0.91164095371669,13,1426,0.91164095371669
304011083,"Riverhills",1049,"Kate",2143,4042,46.9816922315685,83,171,33,1443,2.28690228690229,33,1443,2.28690228690229
310011275,"Oxley (Qld)",1051,"Kate",3758,7815,51.91298784389,165,550,144,2634,5.46697038724374,144,2634,5.46697038724374
310011272,"Durack",932,"Eric",3038,7948,61.7765475591344,90,228,253,2655,9.52919020715631,253,2655,9.52919020715631
303031061,"Macgregor (Qld)",1019,"Dave",2434,5849,58.3860488972474,116,466,153,1780,8.59550561797753,153,1780,8.59550561797753
303061080,"Sunnybank Hills",1015,"Dave",7733,18085,57.2408072988665,361,925,268,5656,4.73833097595474,268,5656,4.73833097595474
303061077,"Kuraby",1046,"Kate",3614,8378,56.8632131773693,178,338,83,2462,3.37124289195776,83,2462,3.37124289195776
301031018,"Tingalpa",1026,"Dave",4536,8708,47.9099678456592,162,359,106,3137,3.37902454574434,106,3137,3.37902454574434
304041104,"Upper Kedron - Ferny Grove",1090,"Steff",4942,9907,50.1160795397194,210,642,56,3155,1.77496038034865,56,3155,1.77496038034865
303051075,"Parkinson - Drewvale",1064,"Kate",7765,15585,50.176451716394,285,608,94,4567,2.05824392380118,94,4567,2.05824392380118
311031312,"Browns Plains",914,"Eric",3157,7368,57.1525515743757,81,132,119,2334,5.09854327335047,119,2334,5.09854327335047
301011005,"Thorneside",983,"Charlie",1836,3761,51.1831959585217,75,141,61,1530,3.98692810457516,61,1530,3.98692810457516
311031316,"Hillcrest",978,"Charlie",4018,8152,50.711481844946,150,125,80,2622,3.0511060259344,80,2622,3.0511060259344
309031236,"Biggera Waters",976,"Charlie",3923,8534,54.0309350831966,166,113,234,3442,6.79837303893085,234,3442,6.79837303893085
309021231,"Currumbin - Tugun",1001,"Charlie",5309,11316,53.0841286673736,313,125,219,4349,5.03564037709818,219,4349,5.03564037709818
309011227,"Mermaid Beach - Broadbeach",1022,"Dave",6508,11921,45.407264491234,404,429,457,5112,8.93974960876369,457,5112,8.93974960876369
309011225,"Burleigh Heads",1023,"Dave",4300,8770,50.9692132269099,312,145,242,3541,6.83422761931658,242,3541,6.83422761931658
309011226,"Burleigh Waters",1021,"Dave",6630,14156,53.1647358010737,372,150,196,5280,3.71212121212121,196,5280,3.71212121212121
309071251,"Coomera",1016,"Dave",6212,13305,53.3107854190154,308,221,72,3936,1.82926829268293,72,3936,1.82926829268293
309071252,"Helensvale",1035,"Dave",8049,16862,52.2654489384415,468,200,193,5628,3.42928216062544,193,5628,3.42928216062544
309101269,"Main Beach",1064,"Kate",1850,3883,52.3564254442441,210,138,88,1675,5.25373134328358,88,1675,5.25373134328358
309051244,"Mudgeeraba - Bonogin",1040,"Dave",8871,18263,51.4263812079067,620,119,89,5774,1.5413924489089,89,5774,1.5413924489089
309061248,"Nerang - Mount Nathan",962,"Charlie",9279,20529,54.8005260850504,451,188,464,7345,6.31722260040844,464,7345,6.31722260040844
309071256,"Oxenford - Maudsland",1017,"Dave",7858,15795,50.250079138968,381,139,78,5107,1.5273154493832,78,5107,1.5273154493832
309071257,"Pimpama",977,"Charlie",4007,9167,56.2888622231919,140,110,42,2681,1.56657963446475,42,2681,1.56657963446475
309081261,"Robina",1039,"Dave",11026,23106,52.2807928676534,706,340,235,8037,2.92397660818713,235,8037,2.92397660818713
309031240,"Runaway Bay",1023,"Dave",3836,9068,57.6973974415527,331,101,198,3787,5.2284129918141,198,3787,5.2284129918141
309091541,"Southport - South",978,"Charlie",7400,17208,56.9967456996746,350,488,615,6688,9.19557416267943,615,6688,9.19557416267943
316011415,"Mountain Creek",1029,"Dave",5720,11254,49.1736271547894,314,87,59,3739,1.577962021931,59,3739,1.577962021931
309101270,"Surfers Paradise",983,"Charlie",11222,23689,52.6278019333868,657,1181,1336,9697,13.777456945447,1336,9697,13.777456945447
309081262,"Varsity Lakes",1008,"Charlie",7224,15183,52.4204702627939,367,259,252,5428,4.64259395725866,252,5428,4.64259395725866
309031235,"Arundel",1010,"Dave",4680,10246,54.3236384930705,258,143,75,3493,2.14715144574864,75,3493,2.14715144574864
309091263,"Ashmore",1006,"Charlie",5426,11910,54.4416456759026,287,105,224,4340,5.16129032258065,224,4340,5.16129032258065
309101267,"Benowa",1064,"Kate",3886,8741,55.5428440681844,337,58,70,2875,2.43478260869565,70,2875,2.43478260869565
309011224,"Broadbeach Waters",1067,"Kate",3763,7779,51.6261730299524,317,125,103,2821,3.65118752215526,103,2821,3.65118752215526
309101268,"Bundall",1077,"Kate",2232,4523,50.6522219765642,223,43,40,1619,2.47066090179123,40,1619,2.47066090179123
309061246,"Carrara",1006,"Charlie",5985,12189,50.898350972188,331,130,145,4611,3.14465408805031,145,4611,3.14465408805031
309081259,"Clear Island Waters",1073,"Kate",1742,4120,57.7184466019417,150,24,75,1564,4.79539641943734,75,1564,4.79539641943734
309021230,"Coolangatta",963,"Charlie",2549,5948,57.1452589105582,156,55,298,2627,11.3437381043015,298,2627,11.3437381043015
309031237,"Coombabah",930,"Eric",3965,10388,61.8309587986138,177,86,272,4379,6.21146380452158,272,4379,6.21146380452158
309021232,"Currumbin Waters",994,"Charlie",4192,9121,54.0401271790374,239,58,139,3323,4.18296719831478,139,3323,4.18296719831478
309021233,"Elanora",1010,"Charlie",5546,12145,54.3351173322355,346,72,172,4276,4.02245088868101,172,4276,4.02245088868101
309061247,"Highland Park",984,"Charlie",4037,8368,51.7566921606118,191,55,56,2870,1.95121951219512,56,2870,1.95121951219512
309031239,"Paradise Point - Hollywell",1051,"Kate",4308,9399,54.1653367379508,417,67,142,3796,3.74077976817703,142,3796,3.74077976817703
309071253,"Hope Island",1080,"Kate",4992,11232,55.5555555555556,551,72,71,4073,1.74318684016695,71,4073,1.74318684016695
309031238,"Labrador",925,"Eric",7719,18261,57.7295876458025,303,300,687,7437,9.23759580475998,687,7437,9.23759580475998
309011228,"Mermaid Waters",1020,"Dave",5812,12170,52.2432210353328,355,194,287,4638,6.1880120741699,287,4638,6.1880120741699
309081260,"Merrimac",983,"Charlie",3361,7071,52.4678263329091,150,71,110,2417,4.55109640049648,110,2417,4.55109640049648
309011229,"Miami",1022,"Dave",3676,6843,46.2808709630279,195,150,204,2826,7.21868365180467,204,2826,7.21868365180467
309091264,"Molendinar",1003,"Charlie",3165,6375,50.3529411764706,132,77,51,2046,2.49266862170088,51,2046,2.49266862170088
309061249,"Pacific Pines - Gaven",1019,"Dave",9065,18320,50.5185589519651,424,211,62,5444,1.13886847905952,62,5444,1.13886847905952
309021234,"Palm Beach",996,"Charlie",7087,14654,51.63777808107,420,225,448,5953,7.52561733579708,448,5953,7.52561733579708
309091265,"Parkwood",1027,"Dave",4339,8702,50.1378993334866,216,97,66,2679,2.46360582306831,66,2679,2.46360582306831
309091540,"Southport - North",939,"Eric",6160,14697,58.0866843573518,190,570,938,6151,15.2495529182247,938,6151,15.2495529182247
309061250,"Worongary - Tallai",1052,"Kate",3718,7884,52.8411973617453,341,37,46,2451,1.87678498572011,46,2451,1.87678498572011
309071258,"Upper Coomera - Willow Vale",1012,"Dave",14884,31214,52.316268341129,676,338,120,9146,1.31204898316204,120,9146,1.31204898316204
309071255,"Ormeau - Yatala",1030,"Dave",9470,19674,51.865406119752,484,220,78,5893,1.32360427625997,78,5893,1.32360427625997
309051245,"Reedy Creek - Andrews",1061,"Kate",4034,7976,49.4232698094283,280,80,25,2562,0.975800156128025,25,2562,0.975800156128025
316051437,"Sunshine Beach",1036,"Dave",3198,6534,51.0560146923783,385,63,94,2517,3.73460468812078,94,2517,3.73460468812078
316021419,"Caloundra - Kings Beach",919,"Eric",2455,6699,63.3527392148082,162,56,346,2953,11.7168980697596,346,2953,11.7168980697596
316061441,"Glass House Mountains",989,"Charlie",2602,5838,55.429941760877,181,88,43,2015,2.13399503722084,43,2015,2.13399503722084
316061439,"Beerwah",957,"Charlie",3522,8201,57.054017802707,249,92,93,2844,3.27004219409283,93,2844,3.27004219409283
316021418,"Buddina - Minyama",1016,"Dave",2929,6433,54.4691434789367,227,45,146,2546,5.73448546739984,146,2546,5.73448546739984
316031427,"Maroochydore - Kuluin",967,"Charlie",8640,19163,54.9131138130773,475,183,627,8177,7.66784884431943,627,8177,7.66784884431943
316061442,"Landsborough",991,"Charlie",4692,10142,53.7369355156774,315,79,65,3407,1.9078368065747,65,3407,1.9078368065747
316071548,"Nambour",936,"Eric",8294,19962,58.4510570083158,406,115,502,7280,6.8956043956044,502,7280,6.8956043956044
316051434,"Noosa Heads",1055,"Kate",1903,4484,57.5602140945584,300,47,83,1764,4.70521541950113,83,1764,4.70521541950113
316051435,"Noosaville",1014,"Dave",3481,8735,60.1488265598168,389,61,228,3691,6.17718775399621,228,3691,6.17718775399621
316011416,"Sippy Downs",985,"Charlie",4216,10298,59.0600116527481,167,76,161,3335,4.82758620689655,161,3335,4.82758620689655
316051438,"Tewantin",957,"Charlie",3999,10308,61.2048894062864,268,75,232,4055,5.7213316892725,232,4055,5.7213316892725
316031428,"Mooloolaba - Alexandra Headland",1008,"Charlie",5720,11694,51.0860270224047,382,130,318,4733,6.71878301288823,318,4733,6.71878301288823
316021422,"Moffat Beach - Battery Hill",993,"Charlie",3403,7838,56.5833120694055,265,68,183,3087,5.92808551992225,183,3087,5.92808551992225
316021424,"Wurtulla - Birtinya",1012,"Dave",3677,7838,53.0875223271243,206,62,89,2906,3.06262904335857,89,2906,3.06262904335857
316071545,"Bli Bli",998,"Charlie",3766,8351,54.9036043587594,178,43,83,2966,2.79838165879973,83,2966,2.79838165879973
316021423,"Parrearra - Warana",1013,"Dave",4185,9502,55.9566407072195,319,79,170,3586,4.74065811489124,170,3586,4.74065811489124
316011414,"Buderim - South",1054,"Kate",7747,16323,52.539361636954,648,125,151,5727,2.63663349048367,151,5727,2.63663349048367
316011413,"Buderim - North",1035,"Dave",7014,16615,57.7851339151369,573,98,405,6433,6.29566298771957,405,6433,6.29566298771957
316021420,"Caloundra - West",993,"Charlie",8735,20277,56.921635350397,409,112,207,7068,2.92869269949066,207,7068,2.92869269949066
316031425,"Coolum Beach",1010,"Dave",6770,14589,53.5951744465008,528,128,175,5398,3.24194145979993,175,5398,3.24194145979993
316081549,"Noosa Hinterland",994,"Charlie",9278,21852,57.5416437854659,982,102,151,7789,1.93863140326101,151,7789,1.93863140326101
316021417,"Aroona - Currimundi",975,"Charlie",4422,10071,56.0917485850462,241,63,135,3634,3.71491469455146,135,3634,3.71491469455146
316071546,"Diddillibah - Rosemount",1020,"Dave",1638,3764,56.4824654622742,155,20,27,1304,2.07055214723926,27,1304,2.07055214723926
316061444,"Palmwoods",1022,"Dave",4835,10613,54.4426646565533,457,67,62,3582,1.73087660524846,62,3582,1.73087660524846
316071547,"Eumundi - Yandina",1003,"Charlie",4753,10548,54.9393249905195,504,35,80,3607,2.21790962018298,80,3607,2.21790962018298
316021421,"Golden Beach - Pelican Waters",1004,"Charlie",4421,11854,62.7045722962713,363,53,257,4749,5.41166561381343,257,4749,5.41166561381343
316031426,"Marcoola - Mudjimba",996,"Charlie",5040,10868,53.6253220463747,368,90,112,4237,2.64337974982299,112,4237,2.64337974982299
316051543,"Peregian Beach - Marcus Beach",1041,"Kate",1775,3761,52.8051050252592,199,40,44,1474,2.98507462686567,44,1474,2.98507462686567
316051544,"Peregian Springs",1056,"Kate",2958,7337,59.6837944664032,280,43,28,2278,1.22914837576822,28,2278,1.22914837576822
313021366,"Caboolture - South",880,"Eric",7530,20349,62.9957246056317,184,347,476,6829,6.97027383218626,476,6829,6.97027383218626
311061334,"Springwood",1020,"Dave",4591,9279,50.5226856342278,204,334,110,3269,3.36494340776996,110,3269,3.36494340776996
311021306,"Beenleigh",855,"Eric",3147,8252,61.8637905962191,89,149,373,3072,12.1419270833333,373,3072,12.1419270833333
301011003,"Birkdale",1034,"Dave",7349,14923,50.7538698653086,355,431,169,5060,3.3399209486166,169,5060,3.3399209486166
313011363,"Bribie Island",925,"Eric",5262,18142,70.9954801014221,347,106,632,8097,7.8053600098802,632,8097,7.8053600098802
310031287,"Ipswich - East",906,"Eric",7088,17894,60.388957192355,190,484,708,6794,10.4209596702973,708,6794,10.4209596702973
313041372,"Burpengary",972,"Charlie",6544,14022,53.3304806732278,253,375,182,4677,3.89138336540517,182,4677,3.89138336540517
313021365,"Caboolture",886,"Eric",9991,26827,62.7576695120587,350,448,796,9209,8.64371810185688,796,9209,8.64371810185688
301011004,"Capalaba",991,"Charlie",8995,17588,48.8571753468274,348,344,311,6399,4.86013439599938,311,6399,4.86013439599938
301021007,"Cleveland",1009,"Charlie",6590,14801,55.4759813526113,390,348,477,5963,7.99932919671306,477,5963,7.99932919671306
313021367,"Elimbah",1004,"Charlie",1921,3963,51.5266212465304,122,68,3,1146,0.261780104712042,3,1146,0.261780104712042
310041300,"Goodna",868,"Eric",3778,10884,65.2884968761485,97,287,242,3250,7.44615384615385,242,3250,7.44615384615385
310031286,"Ipswich - Central",933,"Eric",2659,6558,59.4541018603233,106,144,297,2339,12.6977340743908,297,2339,12.6977340743908
313051380,"Rothwell - Kippa-Ring",922,"Eric",6715,17138,60.8180651184502,199,214,428,6106,7.00949885358664,428,6106,7.00949885358664
314031392,"Lawnton",944,"Eric",2745,6011,54.333721510564,78,284,188,2239,8.39660562751228,188,2239,8.39660562751228
311061331,"Logan Central",773,"Eric",1628,6133,73.4550790803848,39,116,337,1978,17.0374115267947,337,1978,17.0374115267947
313041375,"Narangba",1027,"Dave",9183,18573,50.5572605394928,386,583,60,5554,1.08030248469571,60,5554,1.08030248469571
310031292,"North Ipswich - Tivoli",905,"Eric",2472,6394,61.3387550828902,62,83,221,2448,9.02777777777778,221,2448,9.02777777777778
314031393,"Petrie",1001,"Charlie",4324,8690,50.2416570771001,136,425,120,3004,3.99467376830892,120,3004,3.99467376830892
310041299,"Collingwood Park - Redbank",938,"Eric",3694,8517,56.6279206293296,94,203,152,2712,5.6047197640118,152,2712,5.6047197640118
310041302,"Redbank Plains",906,"Eric",7643,19299,60.3969117570859,181,263,187,5613,3.3315517548548,187,5613,3.3315517548548
311051327,"Shailer Park",1052,"Kate",6318,11647,45.7542714862196,290,378,87,3812,2.28226652675761,87,3812,2.28226652675761
310041304,"Springfield Lakes",1046,"Kate",7974,15429,48.3181022749368,254,591,61,4787,1.27428452057656,61,4787,1.27428452057656
301021013,"Victoria Point",1004,"Charlie",6614,15020,55.965379494008,308,170,267,5435,4.91260349586017,267,5435,4.91260349586017
310031285,"Churchill - Yamanto",959,"Charlie",3199,6768,52.733451536643,60,68,74,2277,3.24989020641195,74,2277,3.24989020641195
301011001,"Alexandra Hills",987,"Charlie",8311,16345,49.1526460691343,291,343,202,5619,3.59494571987898,202,5619,3.59494571987898
310041296,"Bellbird Park - Brookwater",1041,"Kate",6885,13763,49.9745694979292,253,343,94,4231,2.22169699834555,94,4231,2.22169699834555
313011362,"Beachmere - Sandstone Point",931,"Eric",5234,14892,64.8536126779479,299,122,182,5675,3.20704845814978,182,5675,3.20704845814978
311011305,"Beaudesert",913,"Eric",5356,13915,61.5091627739849,478,26,207,4864,4.25575657894737,207,4864,4.25575657894737
311051323,"Bethania - Waterford",931,"Eric",4276,10870,60.6623735050598,141,177,290,3767,7.69843376692328,290,3767,7.69843376692328
310031284,"Bundamba",902,"Eric",3640,8917,59.1790961085567,70,206,222,3159,7.02754036087369,222,3159,7.02754036087369
310031283,"Brassall",928,"Eric",4534,10898,58.3960359699027,109,132,273,3852,7.08722741433022,273,3852,7.08722741433022
311031317,"Marsden",873,"Eric",5219,14447,63.8748529106389,95,202,217,3918,5.53854007146503,217,3918,5.53854007146503
313041373,"Deception Bay",889,"Eric",8256,22446,63.2183908045977,250,267,503,7892,6.37354282818044,503,7892,6.37354282818044
310021282,"Rosewood",952,"Eric",5260,11806,55.4463831949856,269,108,124,3838,3.23084940072955,124,3838,3.23084940072955
310041297,"Camira - Gailes",954,"Eric",4281,9238,53.6588006061918,145,169,116,3041,3.81453469253535,116,3041,3.81453469253535
301021008,"Ormiston",1067,"Kate",2771,5793,52.1664077334714,193,195,112,2154,5.19962859795729,112,2154,5.19962859795729
313051378,"Margate - Woody Point",931,"Eric",4942,11696,57.7462380300958,230,190,535,5070,10.5522682445759,535,5070,10.5522682445759
313051377,"Clontarf",948,"Eric",3620,8251,56.1265301175615,132,138,212,3231,6.56143608789848,212,3231,6.56143608789848
310021281,"Lowood",918,"Eric",5377,14052,61.7349843438656,387,37,129,4631,2.78557546966098,129,4631,2.78557546966098
311051324,"Cornubia - Carbrook",1063,"Kate",4492,8455,46.8716735659373,313,158,34,2710,1.25461254612546,34,2710,1.25461254612546
311031314,"Crestmead",882,"Eric",4585,11989,61.7566102260405,64,166,117,3373,3.46872220575156,117,3373,3.46872220575156
311061329,"Daisy Hill",1040,"Kate",3272,6638,50.7080445917445,191,175,56,2246,2.493321460374,56,2246,2.493321460374
310021278,"Esk",908,"Eric",1690,5158,67.2353625436216,172,6,79,2023,3.90509144834404,79,2023,3.90509144834404
310031293,"Raceview",948,"Eric",6620,15176,56.3784923563521,136,171,263,5168,5.0890092879257,263,5168,5.0890092879257
310021280,"Lockyer Valley - East",917,"Eric",7577,19814,61.7593620672252,476,56,183,6622,2.76351555421323,183,6622,2.76351555421323
317011448,"Gatton",899,"Eric",2954,7434,60.2636534839925,78,17,195,2531,7.70446463848281,195,2531,7.70446463848281
317011451,"Lockyer Valley - West",979,"Charlie",5233,11362,53.9429677873614,354,15,61,3730,1.63538873994638,61,3730,1.63538873994638
311031319,"Regents Park - Heritage Park",977,"Charlie",7865,15934,50.6401405798921,220,278,102,4911,2.07697006719609,102,4911,2.07697006719609
310031288,"Ipswich - North",1033,"Dave",2368,4644,49.0094745908699,116,43,15,1433,1.04675505931612,15,1433,1.04675505931612
314021388,"Dakabin - Kallangur",940,"Eric",10967,23932,54.1743272605716,296,691,419,8570,4.88914819136523,419,8570,4.88914819136523
311061330,"Kingston (Qld.)",822,"Eric",3312,10413,68.1936041486603,65,198,288,3061,9.40868997059784,288,3061,9.40868997059784
311061333,"Slacks Creek",882,"Eric",3961,10432,62.0302914110429,113,217,260,3437,7.56473668897294,260,3437,7.56473668897294
310031291,"Leichhardt - One Mile",843,"Eric",2578,7654,66.3182649594983,43,78,225,2591,8.68390582786569,225,2591,8.68390582786569
311051326,"Loganlea",898,"Eric",4137,10434,60.3507763082231,92,252,198,3217,6.15480261112838,198,3217,6.15480261112838
314021390,"North Lakes - Mango Hill",1041,"Kate",14498,30105,51.8418867297791,667,655,245,9512,2.57569386038688,245,9512,2.57569386038688
313021368,"Morayfield - East",914,"Eric",3613,8434,57.1614892103391,98,176,121,2770,4.36823104693141,121,2770,4.36823104693141
314021389,"Murrumba Downs - Griffin",1023,"Dave",8735,17520,50.1426940639269,297,391,137,5940,2.30639730639731,137,5940,2.30639730639731
311031311,"Boronia Heights - Park Ridge",923,"Eric",4873,12237,60.1781482389475,193,131,181,4148,4.36354869816779,181,4148,4.36354869816779
313051379,"Redcliffe",921,"Eric",3949,10164,61.1471861471861,170,132,542,4419,12.265218375198,542,4419,12.265218375198
313051542,"Scarborough - Newport - Moreton Island",1016,"Dave",5409,12226,55.7582201864878,332,175,331,4840,6.83884297520661,331,4840,6.83884297520661
301021009,"Redland Bay",1033,"Dave",7440,15586,52.2648530732709,403,173,108,5069,2.13059775103571,108,5069,2.13059775103571
310031295,"Riverview",798,"Eric",829,3073,73.0231044581842,15,73,112,938,11.9402985074627,112,938,11.9402985074627
311061332,"Rochedale South - Priestdale",1026,"Dave",7720,15452,50.0388299249288,305,596,201,5382,3.73467112597547,201,5382,3.73467112597547
301021011,"Sheldon - Mount Cotton",1088,"Steff",4286,7909,45.8085725123277,242,99,17,2478,0.686037126715093,17,2478,0.686037126715093
310041303,"Springfield",1005,"Charlie",3420,6772,49.4979326639102,98,231,28,2026,1.38203356367226,28,2026,1.38203356367226
311051325,"Loganholme - Tanah Merah",995,"Charlie",5498,11130,50.6019766397125,209,246,76,3591,2.11640211640212,76,3591,2.11640211640212
301021012,"Thornlands",1067,"Kate",7515,14694,48.856676194365,398,253,123,4744,2.59274873524452,123,4744,2.59274873524452
311061335,"Underwood",1036,"Dave",3036,6341,52.121116543132,112,222,59,2024,2.91501976284585,59,2024,2.91501976284585
311051328,"Waterford West",885,"Eric",2712,7244,62.5621203754832,81,111,266,2540,10.4724409448819,266,2540,10.4724409448819
301011006,"Wellington Point",1062,"Kate",5975,11576,48.3845888044229,302,357,88,3944,2.23123732251521,88,3944,2.23123732251521
311061336,"Woodridge",796,"Eric",3837,12579,69.4967803481994,69,271,541,4101,13.1919044135577,541,4101,13.1919044135577
314031391,"Bray Park",970,"Charlie",4745,10246,53.689244583252,131,332,114,3384,3.36879432624113,114,3384,3.36879432624113
311021307,"Eagleby",849,"Eric",4341,13326,67.4245835209365,118,174,423,4946,8.55236554791751,423,4946,8.55236554791751
311021308,"Edens Landing - Holmview",955,"Charlie",3390,7450,54.496644295302,93,148,101,2466,4.09570154095702,101,2466,4.09570154095702
311041321,"Jimboomba",997,"Charlie",12347,25744,52.0393101305159,573,143,69,7629,0.904443570585922,69,7629,0.904443570585922
314011383,"Cashmere",1081,"Kate",10212,18805,45.6952938048391,541,431,41,5869,0.698585789742716,41,5869,0.698585789742716
311021309,"Mount Warren Park",951,"Eric",2539,5791,56.1561042997755,84,82,125,2065,6.05326876513317,125,2065,6.05326876513317
311031318,"Munruben - Park Ridge South",1013,"Dave",2361,4617,48.862897985705,101,42,13,1347,0.965107646622123,13,1347,0.965107646622123
311041320,"Greenbank",1028,"Dave",6368,12852,50.4512916277622,349,127,30,3653,0.821242814125376,30,3653,0.821242814125376
314011387,"Samford Valley",1130,"Steff",5845,11754,50.2722477454484,587,205,29,3615,0.802213001383126,29,3615,0.802213001383126
311021310,"Wolffdene - Bahrs Scrub",1022,"Dave",3103,6105,49.1728091728092,144,70,23,1930,1.19170984455959,23,1930,1.19170984455959
301021527,"Redland Islands",852,"Eric",2489,9016,72.3935226264419,200,141,462,4056,11.3905325443787,462,4056,11.3905325443787
319031514,"Gympie Region",935,"Eric",7162,18564,61.4199525964232,805,55,99,6619,1.49569421362744,99,6619,1.49569421362744
319031512,"Gympie - North",870,"Eric",4908,14220,65.4852320675106,189,43,506,5462,9.26400585865983,506,5462,9.26400585865983
